QuRYeRnAuXM,EvilSquirrelPictures,1135,Pets & Animals,252,1075,4.96,46,86,gFa1YMEJFag
3TYqkBJ9YRk,hggh22,1135,Comedy,169,228,5,5,3,QuRYeRnAuXM
rSJ8QZWBegU,TimeGem,1135,Entertainment,95,356,4.31,13,1,QuRYeRnAuXM
nRcovJn9xHg,wooochacha,1135,Entertainment,118,1115,2.23,57,73,QuRYeRnAuXM
UEvVksP91kg,johnx113,1135,Entertainment,83,281,2.67,9,16,gFa1YMEJFag
sVkuOk4jmCo,marcosoycadiz,1135,People & Blogs,49,1196,3.67,6,5,yjt5v88-6Aw
ZTopArY7Nbg,TroyChannel,1136,Entertainment,145,11,0,0,0,THM3FYUNyr8
0RViGi2Rne8,OmnipotentSI,1135,Entertainment,9,490,2.31,26,15,rSJ8QZWBegU
HT_QlOJbDpg,dumbasstheredneck,1095,Comedy,14,1349,2.09,22,13,cdbp6rCVzRs
ShhClb6J-NA,thecrashguy,1136,Entertainment,61,29,0,0,0,8dEezTw8J_o
g9e1alirMhc,iamdanielisaac,541,Comedy,152,483053,4.65,2689,2932,_i6OD_y_-AI
YZev1imoxX8,threefirstnames,1135,Entertainment,253,63,5,3,2,ldZPDf2cwqI
I4yKEK9o8gA,djlogitek,964,News & Politics,173,106929,4.39,1010,1484,g9e1alirMhc
1GKaVzNDbuI,fatvids,690,Comedy,176,2464486,4.5,13342,11997,Bd61LnxqSng
yuZhwV24PmM,weneedhelp,1082,News & Politics,213,46183,4.71,280,247,hU9iCANi02o
zQ83d_D2MGs,dumbasstheredneck,1095,Comedy,14,1550,1.57,14,4,HT_QlOJbDpg
DomumdGQSg8,imgrown18,910,Comedy,224,392908,4.8,1261,829,lVTS0iuo1EY
pFUYi7dp1WU,StanleyJenkins,1106,Comedy,200,110272,4.07,1011,482,_1haYY5pV18
2l6vwAIAqNU,makemagazine,460,Film & Animation,294,71966,4.07,260,229,g9e1alirMhc
hiSmlmXp-aU,bravenewfilms,440,Entertainment,168,653840,4.43,198,377,ED6YaRl93CE
dh6dF1XY3uI,Ffllaanndd,1090,Entertainment,249,146,5,1,1,
_a0gQFOJYWM,diamondfan1910,1011,Film & Animation,369,728,4.64,11,17,dN0NcMm9qZo
UzPldH0vuHY,Ffllaanndd,1100,Entertainment,424,229,4,4,2,Gfv3UpKGkl8
h9gRdAmGFnM,LinIsKorean,1067,Entertainment,410,220,4.33,6,9,wZuzB4i4HLA
rKWq0l6YiT0,ratfink43,719,News & Politics,37,4446,4.81,21,8,XeolH-kzx4c
M67aD5lLC2M,zeldamastertimmy2,1100,Entertainment,477,379,4.2,10,5,0oLMy5wWn30
gP0jnBrVEpI,NoodleStroodel,1069,Film & Animation,107,161,5,1,2,
geUY_esOrt0,samsarajade,1108,Comedy,218,664,5,12,27,
kIxj9S6jiB4,GoldGlove01,1089,Film & Animation,79,25,0,0,0,
mfUwgrwkqiI,Dukescubbie,881,People & Blogs,53,447,4.86,7,2,
0jjrvtqa-BQ,easterfilms,800,Entertainment,137,523,4.2,10,9,
VoPgxHja4Os,Djclyve,744,Entertainment,340,1083,2.33,3,0,a1Gqpdrna9Y
QJMZjx4L0BA,diamondfan1910,1038,Film & Animation,322,230,5,4,9,
OshpuI9BGVU,mywiiowns,883,Entertainment,608,406,2.43,7,4,
eBGIQ7ZuuiU,YouGotRickRolled,832,Comedy,210,8119804,4.64,23256,29160,oHg5SJYRHA0
L3mR8syHNIg,DarkArchon102,1068,Entertainment,84,109,5,1,7,WW4Lvnr07Hw
McZ3lP8lb6E,uglydollfreak,1089,Entertainment,614,146,2.5,2,5,LDU9qX_Y1Xo
WsaQ0dQhXnA,SamProof,861,Entertainment,226,3685,4.85,33,80,
16XHS2R_mEo,Zarzycki3000,1060,Entertainment,212,57,2.33,3,2,L3mR8syHNIg
lhGZVgoDub0,WhiteKhakis,965,Entertainment,291,5481,4.64,14,18,Bgzgj25CmKg
aYHBqH_xbCw,Ryokibin,1133,News & Politics,521,11327,4.77,96,190,EZT0_Kmyfl0
SfaxA9Q-9AQ,CBS,1134,News & Politics,177,25618,4.86,182,153,Pef5AUt-tic
1cWWE3A2mDI,davoodnpussy,1135,News & Politics,89,3947,1.46,69,49,gtyYEwQwc28
exT_E9FNu84,zabbabou,1136,News & Politics,63,549,3.15,13,11,gtyYEwQwc28
osqnkdc349s,giantPANDER,1135,News & Politics,132,597,5,4,1,SfaxA9Q-9AQ
5lWlN8g2dAc,JoannaLloyduynsv,1134,News & Politics,53,2511,4.43,7,9,6KqmfUFZbBw
ZCYtPT_bpTI,speakmymind01,1133,News & Politics,116,5321,4.77,30,60,8BfNqhV5hg4
6KqmfUFZbBw,ScrappleFace,1134,News & Politics,45,12971,4.57,23,44,5lWlN8g2dAc
Y_hAXbgxXp8,andiKentvmai,1135,News & Politics,124,209,5,1,8,ZCYtPT_bpTI
IxVsdS887HA,wazolangu,1130,News & Politics,39,44203,4.72,184,208,D01Wa2PLquU
L1WYOl2_5Kg,iaxiloll,1134,News & Politics,382,4648,4.48,31,119,iOsGo_HWP-c
bjAuzPnJ82A,lotarvk,1134,News & Politics,122,6715,4.82,33,166,8BfNqhV5hg4
E8_odhuWfTk,SteveMarmel,1131,Comedy,149,53950,4.68,341,572,rc01OYUYLes
TKe2rBbGGEA,go33tv,1134,News & Politics,138,10240,4.77,44,118,4sb1XXb_9sM
lwrxclIGJqk,oonkamoonka,1134,Comedy,71,11888,4.48,58,77,qR28n3L4f9A
T3depGF5E-0,llamomanu,1133,News & Politics,219,51837,4.71,390,795,eb-FIdshnVg
9l2qbaOMbcU,ciwanamed,1135,News & Politics,116,894,5,3,6,iOsGo_HWP-c
2hZx3yBoNw4,CBSEXPosed,1134,News & Politics,116,7515,5,2,0,8BfNqhV5hg4
UCeA4K2-wNk,spityogamecom,856,Music,294,390697,3.77,1320,2351,zwxljUHq1n4
BDmhe0vIFiQ,SpTgUrL2010,1063,Music,166,3768,3.75,16,15,UCeA4K2-wNk
3Cc7-4OeAgM,joris6440,1127,Music,303,368,4.6,10,4,7h8abJUidwA
NDtHpG0c0Cc,reidooproductions,1135,Howto & Style,185,84,2.67,3,2,UCeA4K2-wNk
e5L0hW2Dj10,MYHOODURHOOD2,1135,Music,64,199,0,0,1,
UmAa8JTm1Cc,iRespond2U,1135,Music,59,116,0,0,7,UCeA4K2-wNk
#NAME?,headz22,1136,Music,104,48,5,2,1,UCeA4K2-wNk
QXEdjYf5ezY,spityogamecom,858,Music,401,267189,4.69,442,407,G84LhBePK6k
G84LhBePK6k,spityogamecom,864,Music,356,200754,4.76,364,264,QXEdjYf5ezY
OnosHPTij3M,mi3456789,1112,Entertainment,295,247,4,5,1,Dms9iAI80w8
yhGd25KcOh4,spityogamecom,852,Music,187,164387,4.82,108,47,G84LhBePK6k
Cj_S_rut3LQ,MrCeoBoy,989,Music,176,762,5,4,7,2iUzQqtrmRU
XNyINFMHHm4,MRMAKEEMBOP,1118,Music,152,665,0,0,1,eA0wwOXG45I
6hIis-_GIXk,jessy0525,859,People & Blogs,240,1195,3.67,3,6,2ShxpwuZygI
hd6yq-HIibI,Chevymalibu12,835,Music,202,330284,4.72,392,259,S2GXb8li5Xo
ZEDYzwdqHrU,MRMAKEEMBOP,1117,Music,111,158,5,1,0,S7xjDoq9040
t02kRsw1AUU,bihwiLoganqjrg,1135,Music,193,236,4.2,5,5,UCeA4K2-wNk
H4kZqk1NF4U,symonds4260,1079,Music,294,419,5,1,0,
J52gclijmWw,spityogamecom,854,Music,187,44965,4.82,98,65,_lQxqblSnoY
5vLbA7n8EG0,alexasWelchvpjjc,1135,News & Politics,53,1003,5,1,7,DCAO6bZa31o
3ZbXJp-NUZc,puebloplug,1135,News & Politics,13,784,2.47,19,5,DCAO6bZa31o
MaE1kowuCBQ,tottigol1020,390,Sports,117,742374,4.46,597,503,3ds7V085k7g
N1RMCuIUB9c,NettwerkMusic,563,Music,190,288213,4.84,1051,654,6WqDWJdBTx8
FZK4BRN6D9w,AREQCFC,851,People & Blogs,365,117139,4.8,272,211,6nAe6ke2M0Q
pM3GHI5xR9U,savas82,458,Sports,194,732199,4.69,1457,434,zv47ay3aJbs
3ds7V085k7g,tottigol1020,390,Sports,182,702596,4.5,617,655,MaE1kowuCBQ
clhOnZRrmXc,ped666,527,Music,230,2135635,4.8,3747,1856,pKQK8rYZNHY
TPUZqcibh4E,daRangers,613,Music,225,1102105,4.82,2608,1324,pKQK8rYZNHY
OIxgw04Y0Fc,Veracifier,1088,News & Politics,113,96500,4.34,216,823,ClM3sC_EzN4
13YOGHzzoMA,360Gamerz,1117,Sports,594,83803,4.81,185,232,xJkift7F3K4
16s-pJs69UU,Naimahdancer,476,Entertainment,215,111214,4.62,339,118,matlu0BOmNY
kHKefMuCqlk,minidaul,386,Sports,222,826140,4.63,772,651,pM3GHI5xR9U
1A1thQqUvAI,colleenblueblue,479,Music,289,48360,4.75,44,18,1504cSBhWG0
awVJCNMw1To,JessCLevengood,1004,Music,367,71376,4.83,207,253,Xk8Yo4pzhWs
FJETon8XRxY,ped666,490,Music,209,105878,4.71,307,183,TPUZqcibh4E
3t8GdtYdRk0,HalfaZoul,675,Music,120,2657650,4.48,3552,2714,tyAvaLsLFl8
o5t3PwKccOo,EEntertainmentTV,447,Entertainment,200,140901,4.84,297,130,2ibL1TbN1Mk
ype6Hw_Hmjo,25thNovember1970,1006,Music,306,14332,4.92,60,46,KvOnRdMi4OM
ylzerQfIMn4,mrpregnant,511,Comedy,240,92079,4.25,528,384,0GISY0A395w
2sigtR16STI,mrpregnant,592,Comedy,202,174514,2.84,842,602,_dTZePy1p44
uAZ7Cop0t8U,mrpregnant,890,Comedy,144,30395,4.09,440,719,wqEvEr8xahg
im7IorDZ9uY,mrpregnant,507,Comedy,294,442233,4.56,2793,1930,mgZcf58Z9hQ
tVFUWgWyEtE,mrpregnant,0, UNA ,179,19624,4.26,174,147,
#NAME?,mrpregnant,585,Comedy,317,54841,4.17,492,355,E5zfoUvct9g
GJZL0XVUnRE,mrpregnant,1102,Comedy,186,12615,4.39,257,200,vK4zrqp1yS8
O27r2zYVIhw,mrpregnant,0, UNA ,300,87835,3.53,680,251,
ha0gjt-r2Tc,mrpregnant,509,Comedy,313,33427,4.55,614,324,F-4QKDoLBWI
bzVy77JZX9U,mrpregnant,1077,Comedy,256,126333,4.08,675,1450,i3x4C1fJcUk
i-QTc3V4PEY,mrpregnant,505,Comedy,69,12683,4.28,252,44,0GISY0A395w
qkrvYnNpQm4,mrpregnant,541,Comedy,932,160465,4.54,1294,2011,DpQkJ2T7zrc
vK4zrqp1yS8,mrpregnant,763,Comedy,419,200489,4.18,1391,1615,pqhlG9qYsR8
utegCEv4qkw,mrpregnant,554,Comedy,300,15817,3.94,241,280,
ffOY69kjeSU,breLloydvrnsst,1135,Comedy,45,387,1.3,53,22,nKA7iTE3s6A
yp-i6L_NRPM,AndaleTheGreat41,1135,Comedy,14,221,1.56,32,7,nKA7iTE3s6A
wUsG23QyaCk,davoodnpussy,1135,Comedy,47,251,1.47,51,19,nKA7iTE3s6A
mRHGKGRlz-Q,JamesNintendoNerd,1099,Comedy,57,195618,4.86,2469,1581,s0KuesK9RFk
wKXAEVO4htE,arthurhapsody,870,Entertainment,425,29972,4.77,214,107,LzLdPYu3RLQ
HUOHibEbzHE,Jirron,845,Music,111,86731,4.69,447,290,reG6g1iMd38
4RqiI4JdGJE,JamesNintendoNerd,1071,Comedy,37,127743,4.77,1235,785,WuJ9ZeAaf8k
LW78tWxjdPA,JamesNintendoNerd,1114,Comedy,54,92279,4.87,1446,746,MiQE_Lb801U
Np2JTCX6H40,MasterOfCards,884,Entertainment,200,75198,4.48,631,571,kBVmfIUR1DA
h2maEE7yodQ,JamesNintendoNerd,1009,Entertainment,205,168148,4.81,2290,1465,KWJv1vvtPao
p3KqyCDaH28,fabsbento,1123,Comedy,545,949,5,8,5,0z4bEYbbEJ4
y_2jJS_BAh8,DukeNukem3DO,1029,Entertainment,324,7895,3.86,90,65,n1qoESYDwPY
cRT3tV9VdbU,cloud8745,1121,People & Blogs,508,6378,4.62,253,131,0ZNB_fktW4k
i-6IDRAFUtw,UL05ST,1055,Music,172,4483,4.35,20,19,MYDuy7wM8Gk
S-6sdlftpv8,DinnerItBurns,1067,Comedy,595,5399,4.6,72,55,sDymphHPJo0
K8OVhweDZKA,webjunkpoop,910,Comedy,399,20256,4.34,111,83,Z2QC1O8XQJI
E7OKDwX4Auw,JamesNintendoNerd,969,Comedy,706,175886,4.74,2989,1014,1raUvGNbZFg
kGpviK7Lu20,vegeta273,876,Comedy,419,21913,4.64,182,153,td00Xk6uUD8
td00Xk6uUD8,vegeta273,906,Comedy,414,10347,4.73,108,98,kGpviK7Lu20
muaTrM7Ouxw,SonicXisnow2009,1095,Entertainment,597,736,5,4,2,FvWuy7p5mZE
yYc9bk2muyw,devttt,1135,News & Politics,407,392,4.07,30,10,acHkXqik_Bo
F76IkRohiow,2008freetibet,1131,News & Politics,131,1853,3.53,36,23,DlbIyZ0l0RY
h8FMNtTw24o,cmforum,1127,News & Politics,178,19946,4.75,434,276,x9QNKB34cJo
TR-ekaXzaWA,Tibetan72,1135,News & Politics,407,100,4.64,11,4,tr46ApMFXzk
Oi0NB6ENnF4,journeymanpictures,996,News & Politics,1044,1856,3.11,19,17,0VRneGYpaXc
huVb7FH87Wk,mayyoubekind,1132,News & Politics,433,807,1.7,40,23,GKR1v0QwXrM
vv7jdRswKSM,sonamsam23,1127,News & Politics,250,1420,3.33,12,15,MAuKv6Qz7SY
ou_b4qq1REU,kgb23lyc,1119,News & Politics,64,1362,3.5,8,13,jqEq5zUNgxo
oG21V-JwWYs,UTEEngineer,1128,News & Politics,579,25430,4.27,494,596,uSQnK5FcKas
uqoRF9bu8VI,squishydemon,1127,News & Politics,46,1021,3,4,16,rhP-MWXtAGA
uzv-gkiSjEk,TAIYOWHALE,1124,News & Politics,156,20435,3.99,78,389,GJP1c9CssZI
xwGX5Fx7o8E,HHK17,1133,News & Politics,599,211,3.33,12,14,mb-ezekCmR0
#NAME?,sonamsam23,1127,News & Politics,122,634,3.8,10,14,vv7jdRswKSM
EjN3bdvKGiw,NewsRevue,1127,News & Politics,149,1458,3,7,33,U65CJuMB268
pcfQ8GA063c,jijtube,1124,News & Politics,130,33998,3.72,129,671,onB7pIT4mKo
qB_YqEk15e0,bharatamata,1126,News & Politics,129,4123,2.82,101,245,pcfQ8GA063c
O3SOfHiaLCc,FreeWingz,538,Comedy,414,1263,4.2,50,58,SGP_RpS4YSM
sHwAB4RokrA,agentsmith21,772,Music,241,331,4.67,9,19,
PHf2g_4TyDY,Bigbrando99,998,Sports,131,4052,4.64,22,22,nSft20TiMlA
DlEgO89LiIw,live2bshiv,970,Comedy,140,189,1,1,0,
o3eBdSlQIp4,chaseemery,975,Music,282,1346,4.67,12,10,
xQv4K2rO0O0,mrules45,962,Entertainment,43,600,2.25,12,12,m3LF-lyQ2OA
bIP1V1u2q-E,bucksdotcom,1052,Sports,85,9191,5,19,16,ql-fHfjBzls
Y9LbqKVTXMo,seeso,1004,Music,166,7001,4.88,203,245,
iqHVh0D4e7M,AssociatedPress,1120,News & Politics,82,9092,3.71,7,26,
zokUPp_nj_c,ksalinda,707,Sports,68,8630,5,6,29,KhJtLJjJX9g
16D4DCduxVA,kOrOne79,842,Sports,346,10713,4.74,42,13,LnF1YD6iXe0
Rv7tbFPXXmU,newzjim,706,Sports,309,47106,3.85,60,591,NK6odSRXPI4
fUCguV4V6HY,PrestonV20,628,Sports,119,50110,4.07,54,34,JAWFqXIAp3g
E9gUcbDcd7E,elgroxo,744,Comedy,268,268631,4.51,926,1004,5QTx8454zQw
ZYryffNvDaU,puprock2975,986,Sports,478,7853,5,22,21,
AkYFKuGJEsE,puprock2975,987,Sports,460,5734,5,19,12,ZYryffNvDaU
l6-J82_3utA,1EDmanLV,1122,Sports,58,2896,5,4,10,Vz6icPtNwZE
GAce3GwmyLg,Brooky217,497,Music,90,3632,4.18,11,5,
Zs4H9Itl40c,dinxbeau,1104,Sports,150,7962,5,12,28,w9EHgzekwCE
R08Nxax_jsM,xeenslayer,1045,Entertainment,513,1040,4.17,6,8,
qhAnSGeTpz4,iRespond2U,1135,Comedy,80,210,1.67,12,48,1OF20VB_CMA
mqgY3vx6DCM,1mResponder,1135,Comedy,54,224,1.8,5,14,1OF20VB_CMA
rfwt5veVXEk,supermac18,843,Comedy,66,714699,4.54,1671,2828,4ira1eUOQGY
4ira1eUOQGY,supermac18,851,Comedy,106,1714836,4.75,5477,8748,rfwt5veVXEk
RDIIzmusYi0,supermac18,794,Comedy,33,366065,4.47,721,1289,25CpF-Wudms
hYbyDY790nM,supermac18,855,Comedy,94,481660,4.62,1219,2004,4ira1eUOQGY
0TeHUtyNqDI,supermac18,1048,Comedy,180,254111,4.48,1444,2702,rfwt5veVXEk
WmyeEX3FG9U,supermac18,922,Comedy,182,218052,4.63,1012,1929,BptuGZT_l9Y
WM1yqH5dBj4,supermac18,1092,Comedy,184,72844,4.63,643,1334,BNs-dHSN8lg
G6XenDuiyvE,supermac18,809,Comedy,73,223533,4.74,607,938,Cga3ZBwlsZ0
FqvAqb6UyqE,supermac18,862,Comedy,82,440797,4.59,1331,2777,4ira1eUOQGY
zzlDKaXAIgE,supermac18,942,Comedy,240,181663,4.6,869,1478,wYgcWXzm4NU
9MdXdTSwfX4,supermac18,825,Comedy,76,401454,4.38,955,1810,toO8p_oqIgo
1cSnEPsPr5Q,supermac18,1054,People & Blogs,69,93061,4.48,320,717,0TeHUtyNqDI
25CpF-Wudms,supermac18,794,Comedy,37,399838,4.52,872,1386,RDIIzmusYi0
dzslyDdYnRI,supermac18,805,Comedy,113,338457,4.55,902,1228,9MdXdTSwfX4
eYfedzk27zQ,supermac18,863,Comedy,86,192080,4.65,636,1052,BYNFDa_-xlw
LBTKkAgRkYU,supermac18,844,Comedy,63,82734,4.58,206,308,aqRq_rfIa58
tTy__qMSoR8,supermac18,796,Comedy,55,63544,4.62,158,219,ypyxeSkXCGE
lpSTTtV8_Ms,supermac18,859,Comedy,86,166754,4.47,375,571,R-hRIRICQow
zzCUvBWsgCk,Starsxx21,897,People & Blogs,218,146453,4.43,182,215,h2fRitzFKA0
wF8rPPpmAQc,mileyroxmyworld4ever,879,Music,300,72416,4.7,182,127,h2fRitzFKA0
IU78CciLDh8,Hedda1996,1084,Music,205,1071,5,2,7,DV2JgxnL8xM
4z31fXh-UEY,0sonalika0,965,Entertainment,256,752,5,2,5,q694TUJg_Mk
FurZU6V3Uws,lovelifetilldeath,1092,Music,196,296,0,0,1,X5SAz5azyek
h_8gsd8IT7Y,r4ndybp,983,Music,214,11215,4.99,67,28,yJuaXjefpuk
WlEyuOZ0ZWM,BillabongNL,1097,Music,224,5431,3.67,6,49,h2fRitzFKA0
eEe3p87b-xw,asianarmy,864,Music,116,23125,4.62,37,38,zzCUvBWsgCk
nPEOr55j0Fs,kat12923,1010,Music,194,5915,5,84,24,yx_Zs8CZPZQ
fBPaEZ84uJk,qtpiecoco7,941,Music,228,5617,4.88,8,11,
f9_yEORBJK0,HannahMileyFanatic,998,Music,179,6188,5,10,20,T9LIgD29EXs
OTYqs0EHRIE,shabba57,1071,Entertainment,97,2359,3.9,10,18,AoBHCHGLZeQ
tNcrmKYGE3k,RoisFan,881,Music,216,30792,4.77,56,24,DV2JgxnL8xM
7vVbX2---rQ,IEatDogs342,1042,Music,218,2008,4.6,15,7,h2fRitzFKA0
V7xMLOHYPbA,kat12923,1008,Music,219,52314,4.83,221,320,rw4WgktDntk
WH56yJudnGs,drexiel8,1040,Music,224,978,4,9,6,#NAME?
KRLGnK8Yn9c,715gilmoregirlsfan,1077,Music,213,716,3,4,6,3weOYw384LA
wxiYTV6FG9g,mileyfan98,1086,Entertainment,218,1562,4,5,9,yJuaXjefpuk
CFCMSW_SsPY,ChristerD93,863,Music,214,6438,4.44,27,20,yjsvBe8Jcs4
LO_5wisNs5M,xZashleyFanx,1035,Music,214,1902,5,8,6,L7NKPsiPS2A
-17Zbw0e6zs,RosetylerProductions,1061,Entertainment,100,2198,5,13,69,fqEslRajbP4
VeGFjTGG7A0,JexL92,962,Entertainment,126,5689,3.5,6,8,4QWBePOZ2gE
pyD1kaXW2eI,Madrosed,1109,People & Blogs,428,2475,4.44,34,39,YcRWD1C_V-M
WNn0ZMEPmD0,stemcellfilms,972,Film & Animation,166,498,3.5,10,6,
I_vG88ofWk0,XL0v3Dx4l0tX,1129,Film & Animation,214,346,5,17,15,X5bGEAjQCDo
GfHs7xrPRsE,MrsxDeanxWinchesterx,1104,Film & Animation,286,370,5,8,8,
k42l5NGDG94,suchiha13,964,Music,250,568,4.59,22,16,
p4XI4_K35pY,lions22rule,1109,Film & Animation,221,257,5,3,2,
5_-UZDCsv2M,Ketsuekiko,1057,Film & Animation,401,1011,4.94,35,25,
wfaCPvwPJCM,lions22rule,1114,Film & Animation,185,386,5,3,3,
JbJpzHhPZKU,Avatargurl649,1049,Film & Animation,109,2561,4.71,52,51,KcS9LW9yTPw
GiEVh41zRP0,ThomsonFinancial,1053,News & Politics,81,98,0,0,0,
M2UdaF_h0ys,Big100000,1120,Music,24,84,0,0,1,
gsFyNxoF5fc,suchiha13,961,Music,183,1152,4.76,25,17,jjql2n_P8i8
1DZLOPnkrJo,UFlibraries,1107,Education,496,998,5,1,1,-7hSIJ9JAaM
Hn8YhLPdzI8,PimpMyChocobo,1114,Film & Animation,238,375,5,17,13,gcKshzCAnbk
dzgdGCQCRk8,super5lady95,1130,Film & Animation,248,276,4.75,20,11,hJCHMnmVkow
oKPAgGdh4Jw,xMimiko,1118,Film & Animation,231,1078,4.93,58,30,kLV3d-VZ7Vk
6KdIGOXexWY,xMimiko,1110,Film & Animation,181,2177,4.91,186,104,GTv4jf-dPJE
HLAdLQ78LjU,McLiga4,877,News & Politics,636,11933,4.52,21,47,zt1TrxPAPak
osbHXixhXqQ,puebloplug,1135,Science & Technology,88,1438,4.06,18,13,jktvihVzj9U
MwO_F-pC9R0,davidisbetterthenyou,1135,Science & Technology,22,445,1.73,11,6,osbHXixhXqQ
HYF5FF7rAoo,batermaster77,0, UNA ,118,1156,4.2,5,3,
jktvihVzj9U,davoodnpussy,1135,Science & Technology,77,246,2.25,4,7,osbHXixhXqQ
5LhI5Z11Tlo,HadassaCraigdspwkj,1135,Film & Animation,199,844,1.12,8,7,qLTs6jlbkjE
RBQoWgXepa4,mistermashup,961,Science & Technology,62,2655,4.5,14,8,QCDeE-OYhn8
BJss1OA_ESY,fuzzishaq,1136,Science & Technology,191,132,0,0,0,q6e7Jaz4FOc
q6e7Jaz4FOc,mistermashup,1030,Education,461,1003,3.83,6,1,OwqFoljnZ-w
xsG2hccZPl4,mistermashup,968,News & Politics,245,914,5,7,4,q6e7Jaz4FOc
OwqFoljnZ-w,mistermashup,1029,Comedy,134,1010,5,5,4,RBQoWgXepa4
QCDeE-OYhn8,mistermashup,981,News & Politics,205,763,5,1,3,xsG2hccZPl4
3o0X5yz1IaY,MovieMaker987,838,Howto & Style,124,17232,0,0,0,aHcKGM0_yL0
uAsO8hLcPu4,jddj111,1062,Entertainment,91,2013,3.79,19,28,zOMjy8mHHZQ
Vxt5ajpjxSs,Naz18h,994,Entertainment,200,24145,2.7,10,8,86jdB2DtpnE
ddpiGvL8uZA,StormProductionzZ,1120,Education,54,147,0,0,0,6zAi1rcchrs
myASNrZtjX4,gilmar406,870,People & Blogs,93,342,3,2,0,NEHgvPvBfuI
74tzG-Fj9pU,aradroxar,1024,Howto & Style,79,186,3,2,1,p4gs4jQQlOQ
oswQDEgzBvA,IrustyshacklefordI,1062,Entertainment,176,2176,3.56,9,9,uAsO8hLcPu4
OnYQph0xQjk,CoastermanTB,1092,People & Blogs,443,340,4.8,5,9,wvmZZIDyXLw
6zAi1rcchrs,CoastermanTB,1093,People & Blogs,479,2292,2.72,18,28,
yAO8RB1zGRA,thisisisaac,1042,Howto & Style,44,72,0,0,1,
iZYqAomoHYA,JohnMoylanIV,1089,Howto & Style,196,314,5,1,5,9H3nvH2ZDEE
oNeC28mhU1o,dazmondo007,1041,Howto & Style,40,194,5,2,2,
nZUQTqatZRE,IrustyshacklefordI,1068,Comedy,59,7797,5,21,16,tnUEcG4iH34
kgYdkamOUdc,djluckyluck,1133,Howto & Style,96,95,1,1,1,BoUagr2KIfs
mYAeAMYVjRs,PL4YB3Y0ND,1017,Howto & Style,66,2979,3,4,15,vft4rmKqkOc
ixkgYWijITQ,dchhat007,1135,Entertainment,309,41,0,0,0,2Vn1sbsQSu4
pwutYAzbOJI,10cutie10,1117,Entertainment,92,59,0,0,0,
s7GgjGj6pO8,dantheman8679,1096,Howto & Style,39,84,0,0,0,
nxg3ZXT1v2M,BTNH420,1084,Entertainment,176,340,0,0,1,_IEo0fa5JQY
Z7_bd9YdCMM,kitesurffreak,968,Howto & Style,124,303,1,1,0,
92KZt9gYqZk,DaniiDeanwnsyuv,1135,Music,243,35163,4.68,192,240,aetA__BXplg
vONuoewjesY,mudcap16,1134,Music,133,9649,4.8,55,52,q-Ke1zCWgI8
hTj6ieUXcU8,sora99252,1134,Entertainment,295,6801,4.7,43,22,HZBkUW3uQMA
9IwLGLdU4II,9224221550,1135,People & Blogs,77,1101,5,6,2,zNSMveVJois
RLgOxur7dBw,DaniiDeanwnsyuv,1135,Music,238,4423,4.62,21,18,92KZt9gYqZk
QeLRteOgxeU,MuzicIdol,1134,Music,498,20898,4.88,147,114,whmnCgBtb88
7-Trlse6B9g,haircubedspray,1134,People & Blogs,84,665,5,1,0,92KZt9gYqZk
3jUT5KXh5es,jjfridge,1134,Entertainment,124,1048,4.75,4,0,q-Ke1zCWgI8
B7qcTm5fHRc,RadioKalin,1134,Entertainment,129,3699,4.76,21,24,92KZt9gYqZk
o2-vlyNPaYI,SouljaBoi900,1135,Music,288,799,3.67,3,2,q-Ke1zCWgI8
LumtG_iXdjA,60543,1136,Music,266,215,3,2,3,q-Ke1zCWgI8
aetA__BXplg,heatherturnbow,1134,Entertainment,235,17840,4.35,48,51,zv4spX-VBak
zv4spX-VBak,LynBowenaboj,1135,Entertainment,243,902,0,0,1,aetA__BXplg
Oct5i7Tvk94,scottcacciatore1,1135,Entertainment,236,238,0,0,0,92KZt9gYqZk
JfD6KbvJDsc,momrocks2,1135,Entertainment,128,250,3,1,1,iXdQO4xKzAE
16F76Li-w_E,ringtones1221,1135,Music,236,1249,5,3,5,92KZt9gYqZk
dwSsJPoyEAA,callieReevesyvar,1135,People & Blogs,189,147,2,4,4,yPEl2RV2CxE
L4DICgyB6JE,SanarioSan,620,Film & Animation,502,758085,4.68,986,792,7nIiTqcYMyg
h5N-Pk-5ekc,thuylinh511,511,Film & Animation,72,223040,4.62,338,321,aIr1_n1bRAY
7nIiTqcYMyg,dreamcortex,561,Film & Animation,153,704458,4.72,805,529,L4DICgyB6JE
JFBHPbEtfqA,SpaceGhost2K,316,Entertainment,178,452836,4.6,898,478,L4DICgyB6JE
lfQ5I2FEFZo,mizuchilondon,745,People & Blogs,317,199448,4.57,212,342,7nIiTqcYMyg
YluDS-6LoB4,agerbeek,332,Film & Animation,140,355886,4.41,648,550,L4DICgyB6JE
aIr1_n1bRAY,SanrioCinnamon,669,Entertainment,67,386851,4.46,413,339,7nIiTqcYMyg
wUurtulXrnI,karenkong99,611,Music,221,212093,4.52,252,159,b_MR48S3gdY
0TQSMkXuZFs,simple4chi,986,Music,186,19132,4.25,16,8,y24ND1gqxKg
LhcTuuAQeig,tempusmaster,286,People & Blogs,78,185845,4.59,206,236,7nIiTqcYMyg
n6nBHKz30UQ,xiaoqiann,798,Entertainment,120,72349,4.78,121,167,DBaaMNnewnE
Du36up8CB04,hellokittyfanchelly,614,Entertainment,60,86084,4.66,107,78,h5N-Pk-5ekc
eV71mpbvl-g,youryouyou,823,Pets & Animals,26,4316138,4.78,9424,8592,XU2EtLHVoiI
nqU2obMOz0M,EmplehProductions,586,Comedy,763,2057,4.89,18,4,
IfipxOAvjcw,sailormoonstars90,649,Film & Animation,29,30825,4.45,20,7,rfGEi-ddtJA
DBaaMNnewnE,hknetmart2,844,Entertainment,134,59913,4.59,70,158,n6nBHKz30UQ
S00MI_yPXXY,hellokittymuseum,438,People & Blogs,35,57702,4.45,65,61,lfQ5I2FEFZo
J_nPoOckOZs,gdrmsp,855,People & Blogs,189,31381,3.26,19,14,poKV8HiZXNA
sXPi6Fjmhi0,ChibiKiba,464,Music,60,192917,4.39,145,74,aIr1_n1bRAY
GDpuAqSzf9Q,SecretLivesOfWomen,1133,Entertainment,40,1981,4.5,12,13,W5oYisN-DFk
W5oYisN-DFk,SecretLivesOfWomen,1133,Entertainment,55,1405,4.43,7,10,REx8s1Uc9qc
BBQnwuS4RgA,SecretLivesOfWomen,1134,Entertainment,31,361,3,2,1,W5oYisN-DFk
QxpAy5K8Btg,SecretLivesOfWomen,1133,Entertainment,38,743,4,4,2,W5oYisN-DFk
cWPsL31ALVo,thesecretcollection,1104,Film & Animation,188,344,4.5,4,3,Ng_cWDmf-Fs
hV-_Cg_Wb9E,thesecretcollection,1105,Film & Animation,53,321,5,1,0,eDlC7fZsG7E
ZyFRjfDhZbk,bridgingheaven,865,Entertainment,3517,2653,4.27,11,7,z2cwwl7cW1M
#NAME?,bethiemw,1028,Entertainment,353,16961,4.48,33,21,dQuS2reb3cU
K-FIEd_CekM,ForaTv,1001,News & Politics,332,7610,4.86,81,65,PITb4fHmbZ4
qdKby7boXcU,TubeTop100,866,Entertainment,68,10284,3.29,7,2,#NAME?
luB-JA8u8Fk,rasavonwerder,1135,Education,601,488,4.75,8,0,eDFIeM-FRaw
iZHwdwLGbuA,JasonBentleyJones,892,Entertainment,29,3881,3.82,33,7,VZDu8YaBN68
37vthK3EPeM,Nimwghen,862,News & Politics,302,16332,4.59,22,24,22tjvhnrghA
H3v3vWNp-YU,Insightful,883,Music,259,104173,4.86,202,95,fLoV3szTOhM
xGb6tnuhDfM,bigassfarts69,1090,Autos & Vehicles,25,4110,2.33,6,25,wHdFvqOBbIY
p_Je2J3aORA,oKoAo,1088,Sports,149,15190,4.12,32,40,gTsU3hVw2ps
6kO2_FBPC4o,SheilaKelleysSFactor,910,People & Blogs,41,12531,4,5,4,_HbOaBWt240
dWKfN85xrFA,SecretLivesOfWomen,1134,Entertainment,31,1413,3.67,6,5,GDpuAqSzf9Q
phL0RLKL8bc,MarcyFromMaui,632,People & Blogs,154,2311640,4.79,1766,881,o2MqciSMOmk
nTPV42xmwRQ,lovebugg1986,1135,People & Blogs,54,223,2.33,6,10,7afZLlYAM3Q
6ChAZxm49wc,InfamousProject,1008,Travel & Events,292,3065,4.33,15,15,MGU1T6OmOns
C32_Rna_mko,expertvillage,959,Howto & Style,89,708,1,1,1,2A4QeQBRtqs
XBYo6w9H8_A,StudentMovies,932,Film & Animation,32,16725,4.25,28,10,XUN4IQabVc0
GrvhZBZ5n_k,bodybuildingcourse,1113,Howto & Style,116,1661,3.33,3,0,IIC3DuK7pVI
3xTk7ppDHWM,pennylucky,1107,Comedy,469,334,5,2,2,
cv9Tn-j8z3c,missglamorousprom,1056,People & Blogs,39,132,0,0,0,
t9M9auFsJMs,amy04,973,Howto & Style,202,9671,4.22,45,23,3KGw5u2bcvw
5h4lC7bTf3I,fineartspot,1115,Education,98,163,0,0,0,
QLkXs65x44s,chocopicante,1078,Entertainment,187,41,0,0,0,
3nSPbdOS4-g,dedelopez,634,Music,197,16149,4.86,28,18,AZs3EOrvcPk
Jhzia5ZO17M,daydreamingprincess,977,Film & Animation,142,22576,4.73,37,70,zTrgAvyM6lk
okuPTgzHTe0,newrealm06,879,Travel & Events,151,3526,2.4,5,5,eOIcWcswO9I
YS_6PJmwBKA,Perrygarl,803,Sports,308,1239,5,3,11,
SYnr6NMMzE4,Orangutangz,1101,People & Blogs,269,633,4.5,2,4,ORFbUNLrQro
O0v7jyj1jok,GaloreDefined,1114,People & Blogs,212,1854,4.83,6,5,4uwO6CsgCKU
JyrB_R9cbkA,Timnic23,726,Sports,264,16102,4.71,14,13,wnFzaptBPr8
4Du5CNQuPhQ,venomjojo,1127,Science & Technology,555,1193,5,2,1440,Ee97DkXW-rM
79L-NOZZxQw,fineartspot,1134,Education,98,51,0,0,0,
3NgXUJJO8II,flairshow,983,Entertainment,554,1965,5,1,3,jjz0hyKnKeo
lk_R1NCMRAg,mohd222cp,1135,Music,230,3084,4.38,26,29,#NAME?
I7iPSp9VRFo,stageleft4life,1135,Music,215,231,1.9,10,5,I0AsSj7sCR0
_s2PPML9r9o,davoodnpussy,1135,Music,63,627,1,8,10,92KZt9gYqZk
rzTFXp-CaKs,debz28,1136,Music,120,148,5,1,2,I0AsSj7sCR0
2-tOL6R45Ig,Nahulanham,1067,Entertainment,409,5722,2.64,11,4,-9fDx_dujME
o6yFvzZx7A8,Snuttebubbe,1136,Music,236,206,0,0,0,92KZt9gYqZk
6nJKD-FcLwI,oneshot500,1131,People & Blogs,53,539,1.92,13,2,9mlnrtRMa-M
9mlnrtRMa-M,HollaAtMe99,1034,Entertainment,326,10294,3.37,46,70,NsqEnMUqRLs
QZxrUo3Hacg,mclorkus,1058,Entertainment,204,5683,3.67,24,42,#NAME?
hLy1MmVU_ko,cmdcmd20,1007,Comedy,78,9736,0,0,8,NymV_Ifatz0
wgXhN7lHXZs,jackattack180,1055,Entertainment,549,2458,0,0,14,iudX8EtDZhs
UbK8fYTi_UQ,jamieyoungsongs,1104,Howto & Style,299,518,0,0,2,iy0pyFjgU_0
WZoMBFzDt6A,uchihake,1090,Entertainment,84,1220,4.38,8,11,xB-5gsRrdzI
xnGKjmcw7MM,Joshes16,1132,Entertainment,193,62,5,1,1,Axm8ehXLilM
p3hJBIJD9bw,sefonty,1003,Howto & Style,306,665,3,2,2,v_yCuEvqu5Q
tIF5DIwY4Ww,Hellf1ghter,892,Howto & Style,81,3498,3.22,9,23,N-NC40CPKsA
JrDoLQZ3amU,remixforthemasses,1125,Entertainment,294,283,4.75,4,0,
ENxpzfsOfio,marouca1,921,Howto & Style,312,317,3,2,4,hoS4ikw7pvc
NEHgvPvBfuI,mark20070,682,Entertainment,51,4420,3.18,11,103,O9JKcISyFQo
wUhiYj1q1GI,mustafasjw,892,Entertainment,62,669,0,0,4,
5XDm6dM6CL4,getit4freedude,1063,Howto & Style,76,1940,2.75,4,0,aEvPgqPq1OI
FG-j841ezPw,FreeHackMaster,1103,Howto & Style,205,290,5,2,0,LaNqBC6VmwE
ntCIV3-OBpA,Wind2Destiny,1134,Howto & Style,53,83,5,1,2,AqG9Q5Hw1Ps
Axm8ehXLilM,HowToGetFreeThings,1133,Entertainment,193,41,0,0,0,xnGKjmcw7MM
2cI58Nz3rvI,cmdcmd20,1007,Entertainment,78,1098,0,0,0,
r57G8iVxoIg,puebloplug,1133,Science & Technology,29,424,4.2,5,11,pEZu_oZHmvs
gHSE1DRYkKs,puebloplug,1130,Science & Technology,21,3236,3.5,24,21,XLHmtAxyTvk
uGoK628b0ck,pat2darooney,1131,Science & Technology,79,62819,2.23,44,3165,pEZu_oZHmvs
J4wCV69uwJ0,bubtime,1135,Science & Technology,6,24,0,0,0,XLHmtAxyTvk
2sFBDM-rkns,JoJoBinxProductions,1135,Science & Technology,82,26,0,0,1,9cQbRYRDIWs
reEJTjKPYKc,xXBR4D3NXx,1130,Science & Technology,62,542,3.8,10,18,XLHmtAxyTvk
pxMiKt4VTHs,HOCKROCMAN,1133,Science & Technology,4,79,1,1,3,
OL5Vc9pRLa8,davidisbetterthenyou,1131,Science & Technology,9,367,1,4,4,XLHmtAxyTvk
YpvWyZLinRo,iownhalonoobs,1035,Howto & Style,137,29391,3.81,90,400,mGVEX1AR7Rs
tXAfMNYxEgk,poptartkid01,1133,People & Blogs,80,102,5,1,4,cOwNhfRJQfQ
h-1docf3qiQ,poptartkid01,1131,Science & Technology,30,218,1,4,3,tXAfMNYxEgk
bgWToe8ygEc,mousey685,1133,Science & Technology,22,99,1,7,4,
vwNbeMVyTGo,lzmsswrestling,1133,Science & Technology,6,105,1,1,2,r57G8iVxoIg
vpkTBbUI2O4,LMcorporations,1121,Science & Technology,114,16765,4,10,14448,Ee97DkXW-rM
b9HurVwlLXw,iownhalonoobs,1121,Howto & Style,227,2351,3.43,14,39,YpvWyZLinRo
bp8ybWWtVkA,TyrantBoyz,1046,Entertainment,200,1856,3.4,5,6,mMECUlrWJIM
n_HKiuQwP-4,IYIasteI2,1127,Howto & Style,313,2835,5,1,16,V4dDsDH72kE
AelsCTq5wnw,amandaehh,1134,Comedy,141,165,5,1,10,Z1raKpEo3Wk
69e1YuCWAg8,RhettandLink,996,Education,268,13293,4.52,86,59,ApLTDoJea2Q
YWsGLAay19A,SraahAlbanyvuoyje,1131,Film & Animation,22,550,0,0,19,Wf7vAKFnx9I
MFZAqbjLt6Y,matt3568,1105,Science & Technology,77,488,2.33,3,3,dU4ssBBz7FY
tMdJIrtGucU,undaskkore,1129,Science & Technology,92,105,3,2,2,8qP_WibReh4
0lb33if4UA8,matt3568,1107,Science & Technology,447,172,5,3,0,E1RxeIipwVk
WP8j9x_6JM8,gagnepm2007,1108,Entertainment,30,78,0,0,0,PtbJWbt6kn4
3ciKX1oPPzk,kaygabs,1131,Howto & Style,47,36,0,0,0,
vXEWW2-VRIo,matt3568,1108,Comedy,361,131,3,2,1,
m0esJ3AmfRw,DRJ0K3R,1112,Science & Technology,275,55,5,3,0,hvgzIGXeEnM
osuM0-4Ba5Y,davidisbetterthenyou,1132,Entertainment,50,74,1,2,6,
Wf7vAKFnx9I,undaskkore,1129,Science & Technology,140,5515,3.79,24,3438,YWsGLAay19A
nzNFVAIxvV0,Heinz9493,1129,Howto & Style,277,2766,4.2,10,11,ygx0H0k8VVY
Y5NIBctPtec,thand12,1129,Howto & Style,385,727,1,1,2,ygx0H0k8VVY
EiLb9xG3-lY,squishless,642,Entertainment,309,767084,4,4,9794,GESzyKelxXY
0P6xpDFRG8E,ipodtouchPROhacker,1129,Howto & Style,67,738,3,2,2,052tb89T2rA
dI7XileC4q4,MjjTV,1129,Science & Technology,124,2638,5,9,23,fixjsQgXVBg
_vQAhDY8KNk,rrsx01,1129,Science & Technology,46,328,0,0,1,ygx0H0k8VVY
eoAwgK787R8,jjamesj2,1128,Education,193,486,2.14,7,4,4WkmV6-obQw
uTn9UNz1QFs,KaosDOSK,1128,Entertainment,103,578,3,6,7,eoAwgK787R8
QbKcGSMo5IQ,LILKING32,1128,Film & Animation,27,79,0,0,4,
_ksPVNvlpvg,SpodProductions,1128,Entertainment,34,866,3,2,3,wP4zZcNDbDU
ZJ3mA6R2AxU,MjjTV,1129,Science & Technology,122,2252,4.5,14,15,pUbzVgQfOE8
qkOLS3b3GYc,sly4ever555,1129,Science & Technology,183,126,3,5,9,pjmpg7txwlU
bj_A74W897I,bumuckl,1129,Science & Technology,89,350,5,1,2,ZJ3mA6R2AxU
rpq5WGPHqZU,kewler26693,1129,Howto & Style,42,118,5,2,1,
avb9o-QE7OA,GhostMirror3567,1129,Entertainment,87,87,5,2,1,HjZP5EtXitY
RtXybp7PtE4,timurmurmur,1025,Science & Technology,82,101801,4.35,55,183,E-rPwQiGi3w
Bw_WgYo8Dbc,bbfreebie,905,Howto & Style,497,331543,4.62,377,1463,3mtNSdkC2QU
k99FN0CVOyM,xnetmaniax,1129,Science & Technology,46,426,0,0,1,
v2Vhlg6s2B0,jigitz,1109,People & Blogs,102,8151,3.43,44,145,Hj9orQWeMiE
p78IR6m30oA,mkers99,1129,Entertainment,86,497,1,1,6,FQ1Oh5nyskg
bnJF2dqX6_M,WasteTimeChasingCars,1135,People & Blogs,237,1967,4.19,36,75,YqgiKcRfnaY
Fne-iaW2Mec,findthekey14,1124,Music,240,161,5,3,8,_MsipkvRIlI
KuTOzUEZlD4,Dcavolli,1135,Science & Technology,96,209,4,1,3,YqgiKcRfnaY
oSE_Ff1gILU,1mResponder,1135,Science & Technology,35,83,0,0,2,YqgiKcRfnaY
zaW22HTRkvY,davidisbetterthenyou,1135,Science & Technology,56,269,1,3,8,YqgiKcRfnaY
f0Vh2vdeGJs,puebloplug,1136,Science & Technology,30,35,5,2,2,bnJF2dqX6_M
n_bPIvCUk3k,JoanneKittccdqml,1134,Film & Animation,47,802,2.33,3,19,YqgiKcRfnaY
2-uFLo45Qus,iRespond2U,1135,Science & Technology,18,86,0,0,1,YqgiKcRfnaY
9siYskifAJY,BlockBusterCo,1133,Entertainment,7,168,5,3,29,ppM0KrHCuko
bd6Og1-uMN4,webigman22,1067,Entertainment,122,1110,2.33,6,10,DuzLzPKzr3Y
yKQ0zz_oFnI,macbookairmaster,1118,Science & Technology,348,277,3,2,9,L6AdXZegDH0
gAtFNR36Guw,Juiceblogs,1135,Science & Technology,68,274,4.69,13,421,nUiH6uw7-ZY
bInw8dLfRPg,theshaggyskinhead,1112,Howto & Style,5,152,0,0,2,eOF0R___8YE
gRy8LTeQtBw,macmostvideo,939,Entertainment,394,1061,4.29,7,2,WLuyp6qbkzE
q5A5pCvAgIw,musicvideos08,1103,Science & Technology,181,34891,4.11,62,75,GBCfW9-hjKI
izo9_L8DPLs,punjabibloodfk,1131,Entertainment,20,484,5,2,11,fAL_MCCCq6U
yyZdurhVokU,Whatsthehub,1094,Film & Animation,30,11979,2.73,22,26,Vlfq0b1TtH8
jHOOL-d7qoY,GettyProductions06,1135,Entertainment,19,21,0,0,0,dZoPh2JRoXE
2E9EFGhl-9c,RotteArmija,1107,Comedy,108,48625,3.48,323,133,rsVZ82YRyjg
fVHpd0KsNlY,TeaBagProductionz,1132,Comedy,164,12318,4.16,158,116,MymMhj3Vgww
7m_hBv90Vc0,AnachronaMatthewwpir,1134,Comedy,171,1329,2.67,55,20,MymMhj3Vgww
9slR5N92zJU,soufeastlondon,1134,Comedy,54,1213,1.94,51,20,MymMhj3Vgww
b8nXNkdKuJI,choksuaker,1132,Comedy,86,5630,1.94,179,106,MymMhj3Vgww
tjiX6luFKeo,GamingMazterResponds,1132,Comedy,46,6185,2,244,292,MymMhj3Vgww
FPyISz-IsVg,puebloplug,1131,Comedy,15,3178,1.7,91,78,MymMhj3Vgww
s1t5oGgW6wc,gamesboy11,1134,Comedy,217,550,1.4,20,22,MymMhj3Vgww
T1dNnSuJOeU,atomicsoda88,1005,Entertainment,304,4361,4.44,27,49,Te3e07aT7DA
8a_16yvbYxE,davidisbetterthenyou,1132,Comedy,7,798,1.53,15,34,MymMhj3Vgww
_E_k0bxyJO8,sp33dvidios,1131,Music,82,6661,2.23,257,135,fVHpd0KsNlY
e3xLWmRHMfY,beerboy12345,1132,Comedy,60,2853,1.45,83,123,MymMhj3Vgww
BsbaW9M15-M,chinesemobster,1132,Nonprofits & Activism,212,370,2.33,3,15,MymMhj3Vgww
glrAA4YdEmM,chinesemobster,1132,Entertainment,69,298,5,2,1,MymMhj3Vgww
vlFRWzf9v1I,KarlYTHE1992th,1132,Comedy,152,1052,1.35,34,15,-7xo6TnBvAM
0ozxPRnJZ-U,beefn1000,1131,Comedy,33,319,5,2,7,XFU8fdWmGV8
szJ0Cfm1h8U,puebloplug,1133,Comedy,34,108,5,3,2,MymMhj3Vgww
leLkRXXtDhY,chidarou,1132,Comedy,164,544,1.22,36,23,MymMhj3Vgww
r--isUxXPiI,TraysonRubio,1110,Entertainment,118,12994,4.2,141,177,JpfPvCyJRtk
GI4vS7gJO7w,TraysonRubio,1131,Music,123,3697,2.77,62,45,XnwmUZuF5OY
nNZKQ3Vp2aE,SillyChester,1130,Education,26,19580,1.58,994,585,a_HddDpgAbo
HYK84E2ivaM,krock1616,1135,Comedy,69,205,1.29,28,28,a_HddDpgAbo
nAxx9yzuvpo,coconado,1133,Entertainment,38,906,2.64,25,17,a_HddDpgAbo
f8PG1kwQ-Dw,skrekkgruppen244,1131,Comedy,272,4756,1.77,57,6,a_HddDpgAbo
4ajpZLYOYCw,pman776,1130,Comedy,131,2186,1.5,62,94,a_HddDpgAbo
8GwutAcFX-o,brandonnajera44,1130,Comedy,254,4823,1.43,103,37,a_HddDpgAbo
optxJSwN5Iw,rsivracer,1133,Comedy,12,655,1.39,31,11,a_HddDpgAbo
uZXrIw_is6E,thtguy23,1133,Comedy,158,1589,1.55,67,76,a_HddDpgAbo
KnoNr4Bw62s,iRespond2U,1135,Comedy,7,45,0,0,1,a_HddDpgAbo
CCLiZNraIuw,keith3600,1132,Comedy,51,1216,1.3,82,92,a_HddDpgAbo
Exwt0pHji3w,TheCoreyHour,1130,Comedy,66,4790,1.25,163,154,a_HddDpgAbo
4CTYAkuCLzc,chingchongchinese,1131,Entertainment,45,643,2.71,7,4,a_HddDpgAbo
jSa-oW2h_Es,davidisbetterthenyou,1131,Comedy,30,2500,1.11,113,65,a_HddDpgAbo
OMz1I7gSTi0,pman776,1131,Comedy,90,550,1.08,26,18,a_HddDpgAbo
xRBAoESGGEk,sadlerocks19,1130,Comedy,22,1035,1,24,0,a_HddDpgAbo
0GMzzp_nJbw,smosh,759,Comedy,247,2102333,4.74,20514,10213,qJoCfqWdvdQ
MjHP7JROj8k,batermaster77,1133,People & Blogs,119,602,4.75,4,6,hCfGbguEm2A
kxhdA5pB7f4,vivalabam454,1131,Comedy,13,377,1.25,16,20,a_HddDpgAbo
UW_1CvDFYVg,mileymandy,1124,Comedy,135,721641,4.11,5776,33543,2h_K6rMaXxI
3lj0uSB2Qs8,AlfredoFoX007,1133,Comedy,509,1849,3.71,14,25,UW_1CvDFYVg
r87qmzmgy_k,emilykatandkaty,1125,Entertainment,296,9400,3.3,81,157,G1mmOd-KQ1E
jWUVtoamdOY,mom2allison,1107,Comedy,94,41036,4.2,158,547,2h_K6rMaXxI
G5eVTQjUbVU,AshleyTisdale4EverX,1125,Comedy,274,4254,3.56,16,33,bO9wKrlAfP8
M3pAXdYk2ns,hgesse1120,1133,Comedy,184,205,0,0,1,
CdpkTKmILJc,NicolasIsReal,1132,Comedy,130,3693,2.98,42,36,Rb_HXgPlgEs
LsGU_kjTaKI,strangeperson1234,1133,Comedy,107,236,0,0,4,2h8nqVzP3j4
rTECT7I8AH4,jessicabillie,1132,Comedy,44,561,3,2,8,
Bxrf90orhNE,swimmerfun1,1133,Comedy,155,803,2,1,0,3qDlI9maRlY
DOTTmi8CXOM,jlomarda,1133,Comedy,418,1015,2.12,16,22,jWUVtoamdOY
cGfR5epTmu8,coolfrog101,1127,Music,92,883,3,2,3,S4YBEzp3lR4
SaKST2SrVvs,rockinmarissa134,1134,Comedy,265,27,0,0,0,2h8nqVzP3j4
0pr7TkYVVAg,aFurryHatGuy,1134,Comedy,509,44,0,0,0,ymc2M3Ctris
Cgx0LnnXFO4,mileycyrushomepagess,1134,Entertainment,509,1260,4.72,39,102,Rb_HXgPlgEs
2h8nqVzP3j4,minchkin77,1134,People & Blogs,508,155,3.14,7,3,AERkHZIdyWo
tyfxM1WImb8,BuckyKentucky06,1133,Comedy,509,105,0,0,1,Bxrf90orhNE
jIxuHobFgEo,,,,,,,,,
lQtSfbJiqqE,AlfredoFoX007,1125,Comedy,135,10143,3.71,35,132,UW_1CvDFYVg
6up0iPGJidA,Sillyprd9,1126,Comedy,135,914,3.14,7,6,UW_1CvDFYVg
TU4-L6nF--k,kimvandijk,1134,People & Blogs,227,43,0,0,0,o6vi4nVjY5E
v_EM3z9_gY4,lyzettesalazar,1135,People & Blogs,18,17,0,0,1,o6vi4nVjY5E
owGaV0uxi54,Chivalryaintdead,1132,People & Blogs,9,1099,3.14,7,9,TU4-L6nF--k
PiYdJDbCi9M,kidblood1,1124,Pets & Animals,256,62308,4.4,77,2376,#NAME?
DCUOSFywsQY,davidisbetterthenyou,1134,People & Blogs,19,98,1,1,2,o6vi4nVjY5E
RdR5uqFMxyg,WHATTHEBUCKSHOW,1014,Entertainment,129,103646,4.69,2064,602,BRstADf7Gg0
ozWs6dXC_tM,TristinaLue,869,Music,213,30519,4.47,247,183,l26-BiP5SlA
l26-BiP5SlA,davidchoimusic,868,Music,233,94956,4.57,1051,537,CMkWlGWOH2c
GY8Yk9uD1bc,AxolotlVids,603,Comedy,216,25089,3.89,157,84,Wi2TuXgebGw
Bizjbag0Em0,elena019,0, UNA ,354,93449,3.93,99,10,
BmpZ1ztfVqg,craigcoffey,864,People & Blogs,650,56454,4.52,23,7,cHut1XYZDVw
Xv6lHwWwO3w,tenerorso,747,Music,186,1965786,4.85,4273,1830,U8PUSg5SL7s
hYkuhfsoX6M,Animedreamer240,1012,Music,660,503249,4.9,2131,1866,OcNmyTOLNZY
Wi2TuXgebGw,trey5,604,Music,182,136998,4.7,322,333,KqN7RVlqRoE
Tz_5LHD0gXY,Kohishicool,777,Film & Animation,197,44323,4.86,426,231,lSb8TQ6jxuc
rDB9zwlXrB8,myredroom,849,Music,372,7990144,4.9,15439,7052,1k08yxu57NA
TOOY0xuQ3TU,Google,1091,Science & Technology,95,318872,4.79,243,185,BIctMbYL0d4
A7505mVOOI8,mesto4jetset,719,Music,199,136014,3.89,276,369,GcWKO039oSo
#NAME?,thinkslinks,642,Film & Animation,238,21366,4.83,58,41,AO55VIH-Apg
nKrS2_7bRfM,b4l14,728,Sports,427,348517,4.68,447,278,0fMrMzxRHXQ
i8Ed4wFxFWM,Number1Freebies,1133,Science & Technology,432,591,2.33,3,0,r2PTlHSMggw
wXE5frYiBO8,MikeDudeVlogz,1133,Nonprofits & Activism,10,3832,2,4,860,LoD2iKnoNe8
u6lY_sNa63o,Drano63,1087,Science & Technology,199,3203,3.57,7,32,#NAME?
t15Zk6I5HGQ,paintballkid5000,1104,Science & Technology,180,226,0,0,1,nIF1kfUtxp4
Vd9kMaPsNrQ,eckounltd93,1124,Howto & Style,121,320,1,1,2,n9WbRuTE6lA
ir9oucOBugE,cannon777,1076,Entertainment,413,4934,4.86,7,26,ZTAWtmltW9k
#NAME?,Drano63,1081,Science & Technology,156,2799,4.43,7,30,tlbzTGtXwlY
#NAME?,Tastythomas897,1133,Howto & Style,271,203,3.4,5,15,TJSR3G7oCdg
GXQQfcsWaKY,salc75,1062,People & Blogs,399,678,4.33,3,1,1o4vhy1MhSI
InM0kNBGryk,hillcrester,1078,Howto & Style,150,8544,4,7,26,A3MfQIswl3k
p6h3tqL5E3g,Flopbuster,715,Entertainment,169,1239,3.4,5,7,dZeO9BFNzl0
MDJ9D6Z4HGk,techguy42,1109,Music,119,754,4,4,1,RHLVP7qAZIE
Wi_clDXyy2o,JordanRutledge01,1106,People & Blogs,93,7945,3,38,1312,RfYhrOkTNA0
LmN1Ky3bW1A,Drano63,1087,Science & Technology,199,723,2.33,3,1,u6lY_sNa63o
rxdvasZiZ2A,Astroranagun,1128,Science & Technology,199,76,5,1,1,Ce4panNehRY
9zqGfbuA2uQ,freebies4you,1019,Entertainment,199,872,4.14,7,4,wf-YgyNpwWA
inaB1DvJTg4,StoneColdCartman,1088,Entertainment,119,1706,3,2,1,FboPLvdvy5Y
lyto3AubZFw,machinima,1116,Entertainment,655,518076,4.88,6542,6395,tcfgvsCScsA
0lFd5HTUSt8,MontanaKilla99,1135,Entertainment,23,207,1,7,6,LTxO_pgMqys
jKnl5Yf-eEc,LilGreenOwnage,1135,Entertainment,18,462,1.57,14,19,LTxO_pgMqys
l-ZBTdLEDyg,Jonaslover1023,1131,Entertainment,47,3904,1.24,355,388,LTxO_pgMqys
EEEJK4Igy9o,disturbed764,1135,Entertainment,20,67,1,4,4,LTxO_pgMqys
LTxO_pgMqys,machinima,969,Entertainment,407,3731016,4.82,35352,26192,0RWQ7R555i4
kb8rdc-0OpQ,machinima,1056,Entertainment,621,1134816,4.87,12763,8108,iyjLnvI4yE0
LbbRpN2FNmw,machinima,1123,Entertainment,512,566582,4.91,8495,7879,tcfgvsCScsA
iyjLnvI4yE0,machinima,1067,Entertainment,545,786678,4.88,8040,5353,kb8rdc-0OpQ
No3e1meC-KQ,machinima,1088,Entertainment,489,548666,4.86,5600,3735,BzgXGACAU20
BzgXGACAU20,machinima,1074,Entertainment,487,830845,4.92,8864,6556,iyjLnvI4yE0
3IWY5MIlhiY,machinima,1001,Entertainment,554,746413,4.83,12969,7182,LTxO_pgMqys
tcfgvsCScsA,machinima,1102,Entertainment,542,630535,4.91,6287,5319,No3e1meC-KQ
xLJtFp1m0Lo,machinima,1086,Entertainment,484,146761,4.57,852,508,CWN3OWAXbSc
JqoKuW0NS8g,Marutodubber,1059,Comedy,617,12375,3.69,174,70,iyjLnvI4yE0
0eq5ImdIc7Y,machinima,1051,Entertainment,419,45203,4.22,740,345,jA5cYuEycO4
jA5cYuEycO4,machinima,1052,Entertainment,382,67407,3.9,981,403,0eq5ImdIc7Y
hnHQajBxeIo,machinima,1095,Entertainment,335,124055,4.28,1305,1049,7RNLYw_fn_s
f62bnWUgXrA,Trevanator72,1098,Comedy,413,3995,4.05,21,44,lyto3AubZFw
CFW8Pwdxrv8,machinima,1056,Entertainment,199,186823,4.68,927,1018,LK4qNoh9E9M
9HjSoMZ7y7A,TRINITYCHGO,1129,People & Blogs,182,8172,4.79,29,81,aSXnQkqYqA4
RvMbeVQj6Lw,TRINITYCHGO,1129,People & Blogs,408,99596,4.53,1025,2050,QOdlnzkeoyQ
8pedwsGGGp0,TRINITYCHGO,1129,People & Blogs,84,6811,4.55,38,49,41ShjvvjCSk
ZXptgNiUgw0,TomoRiordan2,1131,People & Blogs,596,1637,0,0,0,cYla5xdPTUg
Wo6x_iIBcbo,TRINITYCHGO,1129,People & Blogs,119,13746,4.48,62,106,t_J46peAVzw
8A04oMn6XNE,TRINITYCHGO,1133,People & Blogs,336,2601,4.87,31,31,QOdlnzkeoyQ
#NAME?,TRINITYCHGO,1129,People & Blogs,103,4361,4.56,18,21,4ThIdzzb0zc
1RMc-HLMh4c,freedomanddemocracy,1131,News & Politics,505,2142,4.39,18,23,QOdlnzkeoyQ
6yOR_srOUI0,TRINITYCHGO,1129,People & Blogs,195,5497,4.09,32,67,CJNIKzNIw7I
z0AeDA6uS70,ShanaKeatsdhiuu,1131,People & Blogs,127,4730,4.91,11,51,Wo6x_iIBcbo
4ThIdzzb0zc,TRINITYCHGO,1129,People & Blogs,350,4181,4.78,37,34,CJNIKzNIw7I
zguaFD1keQ0,TRINITYCHGO,1133,People & Blogs,185,3270,4.2,30,31,QOdlnzkeoyQ
6q-x8zXolAA,lohanaddict,1130,People & Blogs,19,339,2.14,7,7,72B3tUAqpo4
zhES-GCD72c,freedomanddemocracy,1132,News & Politics,597,883,3.57,14,18,bejx7NllRlo
2CBNoQhd5JM,youlikewater,1134,Howto & Style,85,30,5,2,3,cOwNhfRJQfQ
#NAME?,puebloplug,1133,Howto & Style,15,155,2.71,7,3,cOwNhfRJQfQ
Ho8b_9PemLs,ConanOBrianFAN,1135,People & Blogs,60,679,3,14,19,cOwNhfRJQfQ
SCs1RJqL-QE,bigedude33,1133,People & Blogs,182,252,3.79,14,15,WT14G4qMBTM
JsX9db1e7s0,ConanOBrianFAN,1135,People & Blogs,340,709,4.1,21,76,cOwNhfRJQfQ
nKho22Z6HKk,DownIoadMaster,1132,Science & Technology,79,277,3.4,5,11,78an7y9dWsg
476sb1N6V10,lisaSlaughterxvrjjh,1133,Film & Animation,87,72,1,1,1,nKho22Z6HKk
lVo88qqkkPQ,Pinecone1981,1102,Entertainment,534,974,5,2,7,bjvwllYfxEk
dO0ElTizApU,Wiilov33,792,People & Blogs,215,2579,4.2,10,14,Y1W2fZH56Zo
lbVnhaqP8F4,ParamountPrizes,1059,News & Politics,152,407,5,3,1,
ZC27cpPehBE,ParamountPrizes,1059,News & Politics,158,338,5,2,0,
Y1W2fZH56Zo,Vidaluko,645,Entertainment,48,2376,3.5,8,6,
NVdztvwn1JI,kortsta,1131,People & Blogs,28,16400,3.83,24,56,pGmO-jcKENQ
I5YpDB1Wa4Y,P3rrigo,1133,People & Blogs,30,935,3.88,17,18,pGmO-jcKENQ
UeUFrDws0uI,Shinsengumi9439,1135,People & Blogs,48,88,5,1,1,pGmO-jcKENQ
9VXr9GwFKOQ,SufficientxGrace,1133,People & Blogs,24,218,5,3,0,pGmO-jcKENQ
T7Hih6uH4so,krispink,1133,People & Blogs,69,205,2.33,6,5,pGmO-jcKENQ
rV07oaJ-cZQ,incorporatedfx,1102,Comedy,67,102577,3.64,590,378,dTWMpgm7FB0
_vPeW4fQudI,senglyy,1134,People & Blogs,18,57,5,1,0,pGmO-jcKENQ
b53WxCAzj14,NiiNANiiNA143,1132,People & Blogs,7,420,2.33,3,5,pGmO-jcKENQ
AwsFXp84yyA,theEMOofMEXICOcity,1134,People & Blogs,147,203,1.8,10,12,pGmO-jcKENQ
piOqVLyYyO4,nyr50973,1132,People & Blogs,9,206,5,2,1,pGmO-jcKENQ
5ZITqcx36XQ,sobechick,1134,People & Blogs,14,15,0,0,0,pGmO-jcKENQ
NoQYV72nQ6E,TeenVictor,1136,People & Blogs,59,4,0,0,0,
hMrX_GJ_0sE,candyhouz,1135,People & Blogs,55,7,0,0,0,pGmO-jcKENQ
VQwGeFirvqc,ItsMattChew,1133,People & Blogs,25,789,4.5,10,20,1hBLyuNAZso
#NAME?,electricstormx,1105,People & Blogs,15,6205,4.09,22,67,YdHwCdYpC6I
Q2J3eAZXtDU,davidisbetterthenyou,1132,People & Blogs,17,485,1.8,5,4,pGmO-jcKENQ
w7-p7r2UdQU,EmperorofAnime,1136,People & Blogs,23,13,0,0,0,pGmO-jcKENQ
9_XdAqF674A,jaiarme,1133,People & Blogs,8,80,0,0,2,pGmO-jcKENQ
zjEfj6dlOP8,kingshecki,1135,People & Blogs,10,25,0,0,1,pGmO-jcKENQ
#NAME?,K0R3ANSHEKI,1135,People & Blogs,10,19,0,0,0,pGmO-jcKENQ
M1XwEpZRVb4,fletch161087,831,Sports,382,2155,3.43,7,3,fC9H6sDjhqE
vcfFDi3Td1Y,fletch161087,832,Comedy,102,6819,4.43,14,3,
AKba3bt5VD4,xpangoexpert,996,Howto & Style,141,4183,2.77,22,8,CsNkMBNTpZU
YdBItW2Dhy4,fletch161087,832,Entertainment,174,2548,2.88,8,12,i69-Yne07PE
crcKT39AIDc,fletch161087,831,Entertainment,31,3743,3.13,15,13,0-ELLjdmqmI
fC6CFXjmV0o,fletch161087,873,People & Blogs,40,2997,3.18,11,6,FjKKEC1V-7c
b8gZhP4OcYY,phatseany,1114,Howto & Style,56,298,1,2,0,tc39SkXtQOA
Ah5NiAJXutc,ShawnGehrke,1134,Science & Technology,134,219,5,2,114,ufD691OJSx8
ufD691OJSx8,SamanthaDaggzflgkm,1135,Film & Animation,142,13,0,0,1,Ah5NiAJXutc
VEzUtNj2EGM,jayrat77,1108,Howto & Style,295,1752,3.55,11,1,zCBjGupc7i4
